dial_M,nombre_canal_descartado,evento_descartado,motivo
?,DAZN (Ver en directo),00:00-Chile-Colombia,no_dial_detected
?,Antel TV Internacional,00:00-CA Cerro-Boston River,no_dial_detected
?,CONCACAF YouTube,00:00-Surinam-Saint-Martin,no_dial_detected
?,LPF Play,00:30-Deportivo Merlo-UAI Urquiza,no_dial_detected
?,LPF Play,00:30-Ituzaingó-Brown de Adrogué,no_dial_detected
?,LPF Play,00:30-San Martín Burzaco-Villa San Carlos,no_dial_detected
?,WTA TV,00:30-Z. Sonmez-C. Bucsa,no_dial_detected
?,Tennis Channel - Orange TV (131),00:30-Z. Sonmez-C. Bucsa,no_dial_detected
?,DAZN (Ver en directo),01:00-Florida Panthers-Buffalo Sabres,no_dial_detected
?,DAZN (Ver en directo),01:00-Washington Capitals-Vegas Golden Knights,no_dial_detected
?,CONCACAF YouTube,01:00-Islas Caimán-Jamaica,no_dial_detected
?,CONCACAF YouTube,01:00-Puerto Rico-San Vicente y Granadinas,no_dial_detected
?,CONCACAF YouTube,01:00-Guyana-Dominica,no_dial_detected
?,ATP Tennis TV,01:00-A. Tabilo-S. Báez,no_dial_detected
?,DAZN (Ver en directo),01:00-Detroit Pistons-Cleveland Cavaliers,no_dial_detected
?,NBA League Pass,01:00-Detroit Pistons-Cleveland Cavaliers,no_dial_detected
73,DAZN Baloncesto (M73 O126),01:00-Detroit Pistons-Cleveland Cavaliers,mapping_not_found_for: DAZN BALONCESTO
?,WTA TV,01:05-O. Selekhmeteva-P. Stearns,no_dial_detected
?,DAZN (Ver en directo),01:30-Argentina-Uruguay,no_dial_detected
?,NBA League Pass,01:30-Boston Celtics-Brooklyn Nets,no_dial_detected
?,DAZN (Ver en directo),02:00-Michigan-Illinois,no_dial_detected
?,DAZN App Gratis (Ver gratis),02:00-Michigan-Illinois,no_dial_detected
?,LPF Play,02:00-Gimnasia y Tiro-Almagro,no_dial_detected
?,NBA League Pass,02:00-Milwaukee Bucks-New York Knicks,no_dial_detected
?,DAZN (Ver en directo),02:10-Cuba-Panamá,no_dial_detected
?,ATP Tennis TV,02:10-M. Kecmanovic-F. Cobolli,no_dial_detected
?,M+ Vamos (8 y 50),02:10-M. Kecmanovic-F. Cobolli,no_dial_detected
304,M+ #Vamos Bar (304),02:10-M. Kecmanovic-F. Cobolli,mapping_not_found_for: #VAMOS BAR
?,Movistar+ Lite,02:10-M. Kecmanovic-F. Cobolli,no_dial_detected
?,Fanatiz (Ver en directo),02:15-Deportivo Garcilaso-Cienciano,no_dial_detected
?,RCN Nuestra Tele,02:30-Once Caldas-Boyacá Chicó,no_dial_detected
?,WTA TV,02:30-V. Jiménez-S. Zhang,no_dial_detected
?,Tennis Channel - Orange TV (131),02:30-V. Jiménez-S. Zhang,no_dial_detected
68,Movistar Golf 2 (M68),Jornada 3,mapping_not_found_for: MOVISTAR GOLF 2
?,NBA League Pass,02:30-Dallas Mavericks-Memphis Grizzlies,no_dial_detected
?,DAZN (Ver en directo),03:00-Utah Mammoth-Minnesota Wild,no_dial_detected
?,CONCACAF YouTube,03:00-Granada-El Salvador,no_dial_detected
53,M+ Vamos 3 (53),Jornada 3,mapping_not_found_for: VAMOS 3
67,Movistar Golf (M67),Jornada 3,mapping_not_found_for: MOVISTAR GOLF
?,DAZN (Ver en directo),03:30-Oklahoma C. Thunder-Denver Nuggets,no_dial_detected
?,NBA League Pass,03:30-Oklahoma C. Thunder-Denver Nuggets,no_dial_detected
74,DAZN Baloncesto 2 (M74 O127),03:30-Oklahoma C. Thunder-Denver Nuggets,mapping_not_found_for: DAZN BALONCESTO 2
?,DAZN (Ver en directo),04:00-Anaheim Ducks-Winnipeg Jets,no_dial_detected
?,WTA TV,04:00-Y. Yuan-A. Krueger,no_dial_detected
?,MotoGP Videopass,G.P. Tailandia (Chang) Libres 2,no_dial_detected
?,DAZN (Ver en directo),G.P. Tailandia (Chang) Libres 2,no_dial_detected
70,DAZN MotoGP (M70 O105),G.P. Tailandia (Chang) Libres 2,mapping_not_found_for: DAZN MOTOGP
?,WTA TV,04:20-J. Paolini-K. Boulter,no_dial_detected
?,Tennis Channel - Orange TV (131),04:20-J. Paolini-K. Boulter,no_dial_detected
?,MotoGP Videopass,G.P. Tailandia (Chang) Clasificación,no_dial_detected
?,DAZN (Ver en directo),G.P. Tailandia (Chang) Clasificación,no_dial_detected
70,DAZN MotoGP (M70 O105),G.P. Tailandia (Chang) Clasificación,mapping_not_found_for: DAZN MOTOGP
?,ATP Tennis TV,05:00-F. Tiafoe-B. Nakashima,no_dial_detected
?,A-Leagues YouTube,05:00-Auckland FC-Melbourne City,no_dial_detected
?,MotoGP Videopass,G.P. Tailandia (Chang) Clasificación,no_dial_detected
?,DAZN (Ver en directo),G.P. Tailandia (Chang) Clasificación,no_dial_detected
70,DAZN MotoGP (M70 O105),G.P. Tailandia (Chang) Clasificación,mapping_not_found_for: DAZN MOTOGP
?,A-Leagues YouTube,07:00-Central Coast Mariners-Newcastle Jets,no_dial_detected
?,MotoGP Videopass,G.P. Tailandia (Chang) Clasificación,no_dial_detected
?,DAZN (Ver en directo),G.P. Tailandia (Chang) Clasificación,no_dial_detected
70,DAZN MotoGP (M70 O105),G.P. Tailandia (Chang) Clasificación,mapping_not_found_for: DAZN MOTOGP
?,A-Leagues YouTube,08:00-Brisbane Roar-Perth Glory,no_dial_detected
?,J.LEAGUE International YouTube,09:00-V-Varen Nagasaki-Cerezo Osaka,no_dial_detected
?,MotoGP Videopass,G.P. Tailandia (Chang) Sprint,no_dial_detected
?,DAZN (Ver en directo),G.P. Tailandia (Chang) Sprint,no_dial_detected
70,DAZN MotoGP (M70 O105),G.P. Tailandia (Chang) Sprint,mapping_not_found_for: DAZN MOTOGP
?,Real Madrid TV,09:00-Móstoles URJC Academy-Real Madrid Academy,no_dial_detected
?,A-Leagues YouTube,09:35-Macarthur FC-Western Sydney,no_dial_detected
?,Teledeporte,Valencia (Pista Cubierta) Sesión matinal,no_dial_detected
?,RTVE Play,Valencia (Pista Cubierta) Sesión matinal,no_dial_detected
?,Teledeporte,Valencia (Pista Cubierta) Sesión matinal,no_dial_detected
?,RTVE Play,Valencia (Pista Cubierta) Sesión matinal,no_dial_detected
?,Real Madrid TV,10:30-Real Madrid Academy-Las Rozas Academy,no_dial_detected
?,German Football YouTube,11:00-Bayern Academy-Mönchengladbach Academy,no_dial_detected
?,RTVE Play,11:00-Alcorcón FS-At. Navalcarnero FS,no_dial_detected
?,Tour du Rwanda YouTube,"Etapa 7 Musanze › Kigali (147,2 km)",no_dial_detected
?,Real Betis Balompié YouTube,11:30-Real Betis C-Cabecense,no_dial_detected
?,Real Betis TV,11:30-Real Betis C-Cabecense,no_dial_detected
?,OneFootball PPV,12:00-LNZ Cherkasy-FC Polissya Zhytomyr,no_dial_detected
67,Movistar Golf (M67),Jornada 3,mapping_not_found_for: MOVISTAR GOLF
?,Elche CF YouTube,12:00-Elche Ilicitano-Intercity,no_dial_detected
?,VegaFibra TV Vega Baja,12:00-Elche Ilicitano-Intercity,no_dial_detected
?,SeFutbol YouTube,12:00-España-Inglaterra,no_dial_detected
?,Web Directo,12:00-Castilleja CF-Bollullos CF,no_dial_detected
?,Real Madrid TV,12:00-Real Madrid Academy-Sporting Hortaleza Academy,no_dial_detected
?,FC Barcelona PPV YouTube,12:30-FC Barcelona Academy-Girona Academy,no_dial_detected
?,DAZN (Ver en directo),13:00-Holstein Kiel-SV Elversberg,no_dial_detected
?,LaLiga+ Plus,13:00-Jimbee Cartagena FS-Jaén FS,no_dial_detected
?,Teledeporte,13:00-Jimbee Cartagena FS-Jaén FS,no_dial_detected
?,RTVE Play,13:00-Jimbee Cartagena FS-Jaén FS,no_dial_detected
?,RFEF.es,13:00-Les Corts AE-AD Ceuta FS,no_dial_detected
?,Aragón Deporte,13:00-Real Zaragoza Academy-Gimnastic Manresa,no_dial_detected
?,HBO MAX,"UCI World Tour Bruges › Ninove (208,1 km)",no_dial_detected
?,DAZN (Ver en directo),"UCI World Tour Bruges › Ninove (208,1 km)",no_dial_detected
?,Eurosport 2,"UCI World Tour Bruges › Ninove (208,1 km)",no_dial_detected
?,DAZN (Ver en directo),13:30-Bournemouth-Sunderland,no_dial_detected
148,DAZN 1 Bar (M148),13:30-Bournemouth-Sunderland,mapping_not_found_for: DAZN 1 BAR
?,HBO MAX,"Etapa 4 Arbatax › Nuoro (153,6 km)",no_dial_detected
?,Antel TV Internacional,13:45-Albión-Racing Club,no_dial_detected
?,HBO MAX,Jornada 3 PGA Tour,no_dial_detected
?,HBO MAX,"UCI ProSeries Guilherand-Granges › Guilherand-Granges (187,6 km)",no_dial_detected
?,OneFootball PPV,14:00-Hansa Rostock-Rot-Weiss Essen,no_dial_detected
?,DAZN (Ver en directo),14:00-Rayo Vallecano-Athletic Club,no_dial_detected
?,LaLiga TV Bar,14:00-Rayo Vallecano-Athletic Club,no_dial_detected
?,Hellotickets (Comprar entrada),14:00-Rayo Vallecano-Athletic Club,no_dial_detected
?,LaLiga+ Plus,14:00-CF Talavera-Racing Ferrol,no_dial_detected
?,TV FootballClub (Acceder),14:00-CF Talavera-Racing Ferrol,no_dial_detected
52,Primera Federación (M52 O125),14:00-CF Talavera-Racing Ferrol,mapping_not_found_for: PRIMERA FEDERACIÓN
?,OneFootball PPV,14:30-Metalist 1925 Kharkiv-FC Oleksandriya,no_dial_detected
?,DAZN App Gratis (Ver gratis),14:30-Union Brescia-Lecco,no_dial_detected
?,FIFA+,14:30-Union Brescia-Lecco,no_dial_detected
?,OneFootball PPV,15:00-Empoli-AC Cesena,no_dial_detected
?,OneFootball PPV,15:00-Modena-Padova,no_dial_detected
?,OneFootball PPV,15:00-Südtirol-Venezia FC,no_dial_detected
?,RCD Espanyol YouTube,15:00-Espanyol Academy-Vic Riuprimer Academy,no_dial_detected
?,Twitter @RCDE_La21,15:00-Espanyol Academy-Vic Riuprimer Academy,no_dial_detected
?,Facebook RCD Espanyol,15:00-Espanyol Academy-Vic Riuprimer Academy,no_dial_detected
?,DAZN App Gratis (Ver gratis),15:00-Valenciennes-Caen,no_dial_detected
?,FIFA+,15:00-Valenciennes-Caen,no_dial_detected
?,Liga U YouTube,15:00-Stellantis&You Granada-Bilbao Basket B,no_dial_detected
?,Teledeporte,15:00-Stellantis&You Granada-Bilbao Basket B,no_dial_detected
?,RTVE Play,15:00-Stellantis&You Granada-Bilbao Basket B,no_dial_detected
?,DAZN (Ver en directo),15:00-Como 1907-US Lecce,no_dial_detected
?,OneFootball PPV,15:30-Slovan Bratislava-Spartak Trnava,no_dial_detected
?,OneFootball,15:30-Slovan Bratislava-Spartak Trnava,no_dial_detected
?,OneFootball PPV,15:30-MŠK Žilina-FC DAC,no_dial_detected
?,OneFootball,15:30-MŠK Žilina-FC DAC,no_dial_detected
?,OneFootball PPV,15:30-MFK Zemplín Michalovce-FK Košice,no_dial_detected
?,OneFootball,15:30-MFK Zemplín Michalovce-FK Košice,no_dial_detected
?,OneFootball PPV,15:30-FK Železiarne Podbrezová-1. FC Tatran Prešov,no_dial_detected
?,OneFootball,15:30-FK Železiarne Podbrezová-1. FC Tatran Prešov,no_dial_detected
?,OneFootball PPV,15:30-MFK Skalica-AS Trencin,no_dial_detected
?,OneFootball,15:30-MFK Skalica-AS Trencin,no_dial_detected
?,OneFootball PPV,15:30-KFC Komárno-Ruzomberok,no_dial_detected
?,OneFootball,15:30-KFC Komárno-Ruzomberok,no_dial_detected
?,DAZN (Ver en directo),15:30-Bayer Leverkusen-Mainz 05,no_dial_detected
?,DAZN (Ver en directo),15:30-Hoffenheim-St. Pauli,no_dial_detected
?,DAZN (Ver en directo),15:30-Borussia M'gladbach-1. FC Union Berlin,no_dial_detected
?,DAZN (Ver en directo),15:30-Werder Bremen-Heidenheim,no_dial_detected
?,ATP Tennis TV,16:00-D. Medvedev-T. Griekspoor,no_dial_detected
?,M+ Vamos (8 y 50),16:00-D. Medvedev-T. Griekspoor,no_dial_detected
304,M+ #Vamos Bar (304),16:00-D. Medvedev-T. Griekspoor,mapping_not_found_for: #VAMOS BAR
?,Movistar+ Lite,16:00-D. Medvedev-T. Griekspoor,no_dial_detected
?,DAZN (Ver en directo),16:00-Scunthorpe Utd.-Solihull Moors,no_dial_detected
?,DAZN (Ver en directo),16:00-Gateshead-Forest Green Rovers,no_dial_detected
?,DAZN (Ver en directo),16:00-Brackley Town-Altrincham,no_dial_detected
?,DAZN (Ver en directo),16:00-Halifax Town-Sutton United,no_dial_detected
?,DAZN (Ver en directo),16:00-Aldershot-AFC Rochdale,no_dial_detected
?,DAZN (Ver en directo),16:00-Eastleigh FC-Carlisle Utd.,no_dial_detected
?,DAZN (Ver en directo),16:00-Tamworth FC-Boreham Wood,no_dial_detected
?,DAZN (Ver en directo),16:00-Truro City-Braintree Town,no_dial_detected
?,OneFootball,16:00-Glentoran-Crusaders FC,no_dial_detected
?,OneFootball,16:00-Ballymena Utd.-Larne FC,no_dial_detected
?,OneFootball,16:00-Carrick Rangers-Bangor FC,no_dial_detected
?,OneFootball,16:00-Dungannon Swifts-Coleraine,no_dial_detected
?,DAZN App Gratis (Ver gratis),16:00-Cardiff City Women-Wrexham Women,no_dial_detected
?,FIFA+,16:00-Cardiff City Women-Wrexham Women,no_dial_detected
?,LaLiga+ Plus,16:00-Celta B-AD Mérida,no_dial_detected
?,TV FootballClub (Acceder),16:00-Celta B-AD Mérida,no_dial_detected
?,LaLiga TV M3,16:00-Celta B-AD Mérida,no_dial_detected
?,FC Barcelona PPV YouTube,16:00-Valencia-Mestalla-Barcelona Atlétic,no_dial_detected
?,VCF Media,16:00-Valencia-Mestalla-Barcelona Atlétic,no_dial_detected
?,Valencia CF YouTube,16:00-Valencia-Mestalla-Barcelona Atlétic,no_dial_detected
?,Aragón Deporte,16:00-CD Ebro-CD Alfaro,no_dial_detected
?,TV FootballClub (Acceder),16:00-CD Castellón B-Poblense,no_dial_detected
?,TV FootballClub (Acceder),16:00-Eibar B-Gernika,no_dial_detected
?,La Xarxa+,16:00-Castelldefels-Pobla de Mafumet,no_dial_detected
?,TV FootballClub (Acceder),16:00-Melilla B-Torre del Mar,no_dial_detected
?,DAZN (Ver en directo),16:00-Newcastle-Everton,no_dial_detected
149,DAZN 2 Bar (M149),16:00-Newcastle-Everton,mapping_not_found_for: DAZN 2 BAR
?,DAZN (Ver en directo),16:00-Liverpool-West Ham,no_dial_detected
148,DAZN 1 Bar (M148),16:00-Liverpool-West Ham,mapping_not_found_for: DAZN 1 BAR
?,DAZN (Ver en directo),16:00-Burnley-Brentford,no_dial_detected
?,Aragón Deporte,16:00-UD Montecarlo-Damm,no_dial_detected
?,TrivalValderas TV YouTube,16:00-Trival Valderas Academy-Real Valladolid Academy,no_dial_detected
?,HBO MAX,"Carrera Femenina Ghent › Ninove (137,2 km)",no_dial_detected
?,DAZN (Ver en directo),"Carrera Femenina Ghent › Ninove (137,2 km)",no_dial_detected
?,Eurosport 2,"Carrera Femenina Ghent › Ninove (137,2 km)",no_dial_detected
440,M+ LALIGA HDR (M440 O111),16:15-FC Barcelona-Villarreal,mapping_not_found_for: M+ LALIGA HDR
?,LaLiga TV Bar,16:15-FC Barcelona-Villarreal,no_dial_detected
?,Hellotickets (Comprar entrada),16:15-FC Barcelona-Villarreal,no_dial_detected
?,DAZN (Ver en directo),16:15-Real Zaragoza-Burgos CF,no_dial_detected
?,LaLiga TV M2,16:15-Real Zaragoza-Burgos CF,no_dial_detected
?,LaLiga+ Plus,16:15-Ourense CF-Arenteiro,no_dial_detected
?,TV FootballClub (Acceder),16:15-Ourense CF-Arenteiro,no_dial_detected
?,TVG2 (Galicia),16:15-Ourense CF-Arenteiro,no_dial_detected
?,LaLiga+ Plus,16:15-Cacereño-Unionistas,no_dial_detected
?,TV FootballClub (Acceder),16:15-Cacereño-Unionistas,no_dial_detected
52,Primera Federación (M52 O125),16:15-Cacereño-Unionistas,mapping_not_found_for: PRIMERA FEDERACIÓN
?,LaLiga+ Plus,16:15-Osasuna Promesas-Pontevedra,no_dial_detected
?,TV FootballClub (Acceder),16:15-Osasuna Promesas-Pontevedra,no_dial_detected
?,LaLiga TV M4,16:15-Osasuna Promesas-Pontevedra,no_dial_detected
?,OneFootball PPV,16:30-Energie Cottbus-SC Verl,no_dial_detected
?,German Football YouTube,16:30-Energie Cottbus-SC Verl,no_dial_detected
?,RFEF.es,16:30-Roldán FSF-CD Chiloeches,no_dial_detected
?,TV FootballClub (Acceder),16:30-Mutilvera-Real Unión,no_dial_detected
?,LaLiga+ Plus,16:30-Balonmano Caserío Ciudad Real-Ademar León,no_dial_detected
?,CMMPlay (Castilla-LM),16:30-Balonmano Caserío Ciudad Real-Ademar León,no_dial_detected
?,CMMPlay (Castilla-LM),16:30-Villacañas-Tarancón,no_dial_detected
?,Doble V Televisión YouTube,16:30-Virgen del Camino-Numancia B,no_dial_detected
?,9TV León,16:30-Virgen del Camino-Numancia B,no_dial_detected
?,RCD Espanyol YouTube,16:45-Espanyol Academy-Sant Gabriel,no_dial_detected
?,Twitter @RCDE_La21,16:45-Espanyol Academy-Sant Gabriel,no_dial_detected
?,Facebook RCD Espanyol,16:45-Espanyol Academy-Sant Gabriel,no_dial_detected
?,LaLiga+ Plus,17:00-Servigroup Peñiscola FS-Osasuna Magna,no_dial_detected
?,Baloncesto España YouTube,17:00-IDK Euskotren-Casademont Zaragoza,no_dial_detected
?,FEB TV,17:00-IDK Euskotren-Casademont Zaragoza,no_dial_detected
?,LaLiga+ Plus,17:00-IDK Euskotren-Casademont Zaragoza,no_dial_detected
?,Aragón Deporte,17:00-IDK Euskotren-Casademont Zaragoza,no_dial_detected
?,Aragón TV,17:00-IDK Euskotren-Casademont Zaragoza,no_dial_detected
?,Fanatiz (Ver en directo),17:00-Sport Huancayo-Sporting Cristal,no_dial_detected
?,Esports IB3 YouTube,17:00-CV Guaguas-CV Manacor,no_dial_detected
?,RTVE Play,17:00-CV Guaguas-CV Manacor,no_dial_detected
?,RFEF.es,17:00-Ourense FSF-AE Penya Esplugues,no_dial_detected
?,RFEF.es,17:00-Poio Pescamar FS-FSF Móstoles,no_dial_detected
?,TV FootballClub (Acceder),17:00-Náxara-Basconia,no_dial_detected
?,Liga U YouTube,17:00-Fundación CB Canarias-Barça Basket B,no_dial_detected
?,Liga U YouTube,17:00-Gran Canaria B-Joventut Badalona B,no_dial_detected
?,El Fútbol Modesto YouTube,17:00-Arandina-Colegios Diocesanos,no_dial_detected
?,Terreta Audiovisual YouTube,17:00-Jove Español-Atzeneta UE,no_dial_detected
?,9TV León,17:00-Atlético Mansillés-At. Tordesillas,no_dial_detected
?,México F.C. YouTube,17:00-México FC-Racing Madrid FC,no_dial_detected
?,OneFootball PPV,17:15-Spezia Calcio-AC Reggiana,no_dial_detected
?,Baloncesto España YouTube,17:30-CAB Estepona-Perfumerías Avenida,no_dial_detected
?,FEB TV,17:30-CAB Estepona-Perfumerías Avenida,no_dial_detected
?,LaLiga+ Plus,18:00-ElPozo Murcia-Palma Futsal,no_dial_detected
?,La 7 TV (Murcia),18:00-ElPozo Murcia-Palma Futsal,no_dial_detected
?,DAZN (Ver en directo),18:00-Seton Hall-U Connecticut,no_dial_detected
?,DAZN App Gratis (Ver gratis),18:00-Seton Hall-U Connecticut,no_dial_detected
?,DAZN (Ver en directo),18:00-Iowa-Penn State,no_dial_detected
?,DAZN App Gratis (Ver gratis),18:00-Iowa-Penn State,no_dial_detected
?,CONCACAF YouTube,18:00-Bermudas-Sint Maarten,no_dial_detected
?,DAZN App Gratis (Ver gratis),18:00-Quevilly Rouen Metro-Bourg en Bresse 01,no_dial_detected
?,FIFA+,18:00-Quevilly Rouen Metro-Bourg en Bresse 01,no_dial_detected
?,RFEF.es,18:00-Guadalcacin FSF-Atlético Torcal FS,no_dial_detected
?,TV FootballClub (Acceder),18:00-Marino Luanco-Valladolid Promesas,no_dial_detected
?,TV FootballClub (Acceder),18:00-Sestao River-Alavés B,no_dial_detected
?,TV FootballClub (Acceder),18:00-Real Ávila-Coruxo,no_dial_detected
?,TV FootballClub (Acceder),18:00-UP Langreo-G. Segoviana,no_dial_detected
?,TV FootballClub (Acceder),18:00-Sámano-At. Astorga,no_dial_detected
?,Liga U YouTube,18:00-Unicaja Málaga B-Amara Lleida,no_dial_detected
?,LaLiga+ Plus,18:00-BM Villa de Aranda-BM Guadalajara,no_dial_detected
?,La 8 Burgos,18:00-BM Villa de Aranda-BM Guadalajara,no_dial_detected
?,CMMPlay (Castilla-LM),18:00-BM Villa de Aranda-BM Guadalajara,no_dial_detected
?,Web Directo,18:00-CP Mijas Las Lagunas-Torreperogil,no_dial_detected
?,DAZN (Ver en directo),18:00-Hellas Verona-Napoli,no_dial_detected
51,M+ Vamos 2 (51),18:00-Hellas Verona-Napoli,mapping_not_found_for: VAMOS 2
?,Orange Fútbol 3 (109),18:00-Hellas Verona-Napoli,no_dial_detected
?,Baloncesto España YouTube,18:10-Spar Girona-Lointek Gernika,no_dial_detected
?,FEB TV,18:10-Spar Girona-Lointek Gernika,no_dial_detected
?,La Xarxa+,18:10-Spar Girona-Lointek Gernika,no_dial_detected
?,LaLiga+ Plus,18:10-Spar Girona-Lointek Gernika,no_dial_detected
?,DAZN (Ver en directo),18:15-Antwerp-Sint-Truiden VV,no_dial_detected
?,DAZN (Ver en directo),18:30-New York Rangers-Pittsburgh Penguins,no_dial_detected
?,DAZN (Ver en directo),18:30-Morecambe-York City,no_dial_detected
?,DAZN (Ver en directo),18:30-Mallorca-Real Sociedad,no_dial_detected
?,LaLiga TV Bar,18:30-Mallorca-Real Sociedad,no_dial_detected
?,Hellotickets (Comprar entrada),18:30-Mallorca-Real Sociedad,no_dial_detected
?,DAZN (Ver en directo),18:30-Real Valladolid-Huesca,no_dial_detected
?,LaLiga TV M3,18:30-Real Valladolid-Huesca,no_dial_detected
?,DAZN (Ver en directo),18:30-Granada CF-Málaga,no_dial_detected
?,Orange Fútbol 2 (108),18:30-Granada CF-Málaga,no_dial_detected
?,LaLiga TV M2,18:30-Granada CF-Málaga,no_dial_detected
?,LaLiga+ Plus,18:30-Alcorcón-Betis Deportivo,no_dial_detected
?,TV FootballClub (Acceder),18:30-Alcorcón-Betis Deportivo,no_dial_detected
?,LaLiga TV M4,18:30-Alcorcón-Betis Deportivo,no_dial_detected
?,LaLiga+ Plus,18:30-Sevilla At.-Atlético Madrileño,no_dial_detected
?,TV FootballClub (Acceder),18:30-Sevilla At.-Atlético Madrileño,no_dial_detected
52,Primera Federación (M52 O125),18:30-Sevilla At.-Atlético Madrileño,mapping_not_found_for: PRIMERA FEDERACIÓN
?,LaLiga+ Plus,18:30-At. Sanluqueño-Marbella,no_dial_detected
?,TV FootballClub (Acceder),18:30-At. Sanluqueño-Marbella,no_dial_detected
?,DAZN (Ver en directo),18:30-Leeds Utd-Manchester City,no_dial_detected
148,DAZN 1 Bar (M148),18:30-Leeds Utd-Manchester City,mapping_not_found_for: DAZN 1 BAR
?,DAZN (Ver en directo),18:30-Borussia Dortmund-FC Bayern,no_dial_detected
?,RFEF.es,18:45-Burela FS-LBTL Alcantarilla FS,no_dial_detected
?,GOL (Síguelo en directo),18:45-Heracles-PSV Eindhoven,no_dial_detected
?,GolStadium (acceder),18:45-Heracles-PSV Eindhoven,no_dial_detected
?,DAZN (Ver en directo),19:00-Costa de Marfil-R.D. Congo,no_dial_detected
?,DAZN (Ver en directo),19:00-Uganda-Mali,no_dial_detected
?,Baloncesto España YouTube,19:00-Kutxabank Araski-Baloncesto Leganés,no_dial_detected
?,FEB TV,19:00-Kutxabank Araski-Baloncesto Leganés,no_dial_detected
?,Esport3 (Cataluña),19:00-Dragons Catalans-St. Helens,no_dial_detected
?,DAZN App Gratis (Ver gratis),19:00-US Orléans-FC Rouen,no_dial_detected
?,FIFA+,19:00-US Orléans-FC Rouen,no_dial_detected
?,NBA League Pass,19:00-Charlotte Hornets-Portland Trail Blazers,no_dial_detected
?,Baloncesto España YouTube,19:15-Ensino Lugo-Spar Gran Canaria,no_dial_detected
?,FEB TV,19:15-Ensino Lugo-Spar Gran Canaria,no_dial_detected
?,Fanatiz (Ver en directo),19:15-UTC Cajamarca-Alianza Lima,no_dial_detected
?,OneFootball PPV,19:30-Avellino-Juve Stabia,no_dial_detected
?,LaLiga+ Plus,19:30-O Parrulo Ferrol-Viña Albali Valdepeñas,no_dial_detected
?,CMMPlay (Castilla-LM),19:30-O Parrulo Ferrol-Viña Albali Valdepeñas,no_dial_detected
?,RFEF.es,19:30-Torreblanca Melilla-FSF O Castro,no_dial_detected
?,TV Melilla,19:30-Torreblanca Melilla-FSF O Castro,no_dial_detected
?,DAZN (Ver en directo),20:00-Oregon-Northwestern,no_dial_detected
?,DAZN App Gratis (Ver gratis),20:00-Oregon-Northwestern,no_dial_detected
?,DAZN (Ver en directo),20:00-UCLA-Minnesota,no_dial_detected
?,DAZN App Gratis (Ver gratis),20:00-UCLA-Minnesota,no_dial_detected
?,RTVE Play,Semifinales,no_dial_detected
?,WTA TV,20:00-P. Stearns-K. Birrell,no_dial_detected
?,OneFootball,20:00-Al-Fayha FC-Al Nassr,no_dial_detected
?,M+ Vamos (8 y 50),20:00-Al-Fayha FC-Al Nassr,no_dial_detected
304,M+ #Vamos Bar (304),20:00-Al-Fayha FC-Al Nassr,mapping_not_found_for: #VAMOS BAR
?,Movistar+ Lite,20:00-Al-Fayha FC-Al Nassr,no_dial_detected
?,DAZN (Ver en directo),20:30-Greuther Fürth-Schalke 04,no_dial_detected
?,DAZN (Ver en directo),20:30-O. Cooper-C. Ursu,no_dial_detected
?,DAZN (Ver en directo),20:30-Maryland-Michigan,no_dial_detected
?,DAZN App Gratis (Ver gratis),20:30-Maryland-Michigan,no_dial_detected
?,Apple TV,20:30-Chicago Fire-CF Montréal,no_dial_detected
?,Apple TV,20:30-New York RB-New England Revolution,no_dial_detected
?,DAZN (Ver en directo),20:45-Inter Milan-Genoa,no_dial_detected
?,LaLiga TV M3,20:45-Inter Milan-Genoa,no_dial_detected
?,DAZN (Ver en directo),21:00-Philadelphia Flyers-Boston Bruins,no_dial_detected
?,LPF Play,21:00-Dep. Armenio-Laferrere,no_dial_detected
?,LPF Play,21:00-Flandria-CA Talleres,no_dial_detected
?,LPF Play,21:00-Comunicaciones-Excursionistas,no_dial_detected
?,LPF Play,21:00-Deportivo Camioneros-Real Pilar,no_dial_detected
?,LPF Play,21:00-Los Andes-Defensores Belgrano,no_dial_detected
?,LPF Play,21:00-San Miguel-Chaco For Ever,no_dial_detected
?,Antel TV Internacional,21:00-Danubio-Progreso,no_dial_detected
?,CONCACAF YouTube,21:00-Costa Rica-Barbados,no_dial_detected
440,M+ LALIGA HDR (M440 O111),21:00-Real Oviedo-At. Madrid,mapping_not_found_for: M+ LALIGA HDR
?,Orange Fútbol 1 (107),21:00-Real Oviedo-At. Madrid,no_dial_detected
51,M+ Vamos 2 (51),21:00-Real Oviedo-At. Madrid,mapping_not_found_for: VAMOS 2
?,LaLiga TV Bar,21:00-Real Oviedo-At. Madrid,no_dial_detected
?,Hellotickets (Comprar entrada),21:00-Real Oviedo-At. Madrid,no_dial_detected
?,DAZN (Ver en directo),21:00-CD Castellón-Racing Santander,no_dial_detected
?,Orange Fútbol 2 (108),21:00-CD Castellón-Racing Santander,no_dial_detected
?,LaLiga TV M2,21:00-CD Castellón-Racing Santander,no_dial_detected
?,LaLiga+ Plus,21:00-Hércules-Eldense,no_dial_detected
?,TV FootballClub (Acceder),21:00-Hércules-Eldense,no_dial_detected
52,Primera Federación (M52 O125),21:00-Hércules-Eldense,mapping_not_found_for: PRIMERA FEDERACIÓN
?,Amazon Prime Video (Ver en directo),21:00-Miami Heat-Houston Rockets,no_dial_detected
?,NBA League Pass,21:00-Miami Heat-Houston Rockets,no_dial_detected
?,TV5MONDE,21:05-Le Havre AC-PSG,no_dial_detected
?,Fanatiz (Ver en directo),21:45-Boca Juniors-Gimnasia Mendoza,no_dial_detected
?,DAZN (Ver en directo),22:00-Egipto-Angola,no_dial_detected
?,DAZN (Ver en directo),22:00-Madagascar-Senegal,no_dial_detected
?,DAZN (Ver en directo),22:00-Wisconsin Badgers-Washington Athletics,no_dial_detected
?,DAZN App Gratis (Ver gratis),22:00-Wisconsin Badgers-Washington Athletics,no_dial_detected
?,DAZN (Ver en directo),22:00-Nebraska-USC,no_dial_detected
?,DAZN App Gratis (Ver gratis),22:00-Nebraska-USC,no_dial_detected
?,DAZN (Ver en directo),22:00-San Jose Sharks-Edmonton Oilers,no_dial_detected
?,DAZN App Gratis (Ver gratis),22:00-San Jose Sharks-Edmonton Oilers,no_dial_detected
?,CONCACAF YouTube,22:00-Guyana-Anguila,no_dial_detected
?,ATP Tennis TV,22:00-F. Cerúndolo-Y. Hanfmann,no_dial_detected
?,CONMEBOL YouTube,22:00-Ecuador-Paraguay,no_dial_detected
?,CONMEBOL YouTube,22:00-Brasil-Venezuela,no_dial_detected
?,CONMEBOL YouTube,22:00-Colombia-Argentina,no_dial_detected
?,DAZN App Gratis (Ver gratis),22:00-Marítimo de La Guaira-Ávila FC,no_dial_detected
?,FIFA+,22:00-Marítimo de La Guaira-Ávila FC,no_dial_detected
?,WTA TV,22:00-A. Krueger-T. Townsend,no_dial_detected
?,RCN Nuestra Tele,22:10-Alianza-América de Cali,no_dial_detected
?,DAZN App Gratis (Ver gratis),22:30-Academia Rey-Zamora FC B,no_dial_detected
?,FIFA+,22:30-Academia Rey-Zamora FC B,no_dial_detected
?,Apple TV,22:30-Colorado Rapids-Portland Timbers,no_dial_detected
?,Apple TV,22:30-Minnesota Utd.-FC Cincinnati,no_dial_detected
?,DAZN (Ver en directo),23:00-St. Louis Blues-New Jersey Devils,no_dial_detected
?,CONCACAF YouTube,23:00-Aruba-Islas Vírgenes EEUU,no_dial_detected
?,DAZN (Ver en directo),23:30-BYU-West Virginia,no_dial_detected
?,DAZN App Gratis (Ver gratis),23:30-BYU-West Virginia,no_dial_detected
?,ATP Tennis TV,23:30-S. Báez-L. Darderi,no_dial_detected
?,DAZN (Ver en directo),00:00-Columbus Blue Jackets-New York Islanders,no_dial_detected
?,DAZN (Ver en directo),00:00-Colorado Avalanche-Chicago Blackhawks,no_dial_detected
?,Antel TV Internacional,00:00-Central Español-Montevideo Wanderers,no_dial_detected
?,CONCACAF YouTube,00:00-República Dominicana-Belice,no_dial_detected
?,Fanatiz (Ver en directo),00:00-Independiente-Central Córdoba,no_dial_detected
?,RCN Nuestra Tele,00:20-Jaguares FC-Junior,no_dial_detected
?,LPF Play,00:30-CA Colón-Ferro Carril Oeste,no_dial_detected
?,LPF Play,00:30-Agropecuario-Nueva Chicago,no_dial_detected
?,DAZN (Ver en directo),01:00-Los Angeles Kings-Calgary Flames,no_dial_detected
?,DAZN (Ver en directo),01:00-Tampa Bay Lightning-Buffalo Sabres,no_dial_detected
?,DAZN (Ver en directo),01:00-Carolina Hurricanes-Detroit Red Wings,no_dial_detected
?,DAZN (Ver en directo),01:00-Toronto Maple Leafs-Ottawa Senators,no_dial_detected
?,DAZN (Ver en directo),01:00-Montréal Canadiens-Washington Capitals,no_dial_detected
?,Fanatiz (Ver en directo),01:00-Sport Boys A.-CD Moquegua,no_dial_detected
?,CONCACAF YouTube,01:00-Haití-San Vicente y Granadinas,no_dial_detected
?,DAZN App Gratis (Ver gratis),01:00-Club Sport Sébaco-Managua FC,no_dial_detected
?,FIFA+,01:00-Club Sport Sébaco-Managua FC,no_dial_detected
?,HBO MAX,01:00-B. Moreno-L. Kavanagh,no_dial_detected
?,DAZN (Ver en directo),01:00-B. Moreno-L. Kavanagh,no_dial_detected
?,Eurosport 2,01:00-B. Moreno-L. Kavanagh,no_dial_detected
?,WTA TV,01:00-M. Frech-S. Zhang,no_dial_detected
?,Tennis Channel - Orange TV (131),01:00-M. Frech-S. Zhang,no_dial_detected
?,HBO MAX,World Athletics Label Road Races,no_dial_detected
?,NBA League Pass,01:00-Washington Wizards-Toronto Raptors,no_dial_detected
?,Apple TV,01:30-San Jose Earthquakes-Atlanta United,no_dial_detected
?,Apple TV,01:30-Real Salt Lake-Seattle Sounders,no_dial_detected
?,DAZN (Ver en directo),02:00-Villanova-St. John's,no_dial_detected
?,DAZN App Gratis (Ver gratis),02:00-Villanova-St. John's,no_dial_detected
?,DAZN (Ver en directo),02:00-Dallas Stars-Nashville Predators,no_dial_detected
?,CONCACAF YouTube,02:00-Canadá-Martinica,no_dial_detected
?,DAZN (Ver en directo),02:00-E. Núñez-E. Navarrete,no_dial_detected
?,CONCACAF YouTube,02:00-Guatemala-Granada,no_dial_detected
?,Fanatiz (Ver en directo),02:15-Talleres Córdoba-San Lorenzo,no_dial_detected
?,RCN Nuestra Tele,02:30-Medellín-Bucaramanga,no_dial_detected
?,WTA TV,02:30-J. Paolini-C. Bucsa,no_dial_detected
?,Tennis Channel - Orange TV (131),02:30-J. Paolini-C. Bucsa,no_dial_detected
68,Movistar Golf 2 (M68),Jornada 4,mapping_not_found_for: MOVISTAR GOLF 2
?,DAZN (Ver en directo),02:30-Golden State Warriors-Los Angeles Lakers,no_dial_detected
?,NBA League Pass,02:30-Golden State Warriors-Los Angeles Lakers,no_dial_detected
73,DAZN Baloncesto (M73 O126),02:30-Golden State Warriors-Los Angeles Lakers,mapping_not_found_for: DAZN BALONCESTO
?,Apple TV,02:30-FC Dallas-Nashville SC,no_dial_detected
?,Apple TV,02:30-Houston Dynamo-Los Angeles FC,no_dial_detected
?,Apple TV,02:30-Sporting KC-Columbus Crew,no_dial_detected
?,A-Leagues YouTube,03:00-Wellington Phoenix-Sydney FC,no_dial_detected
53,M+ Vamos 3 (53),Jornada 4,mapping_not_found_for: VAMOS 3
67,Movistar Golf (M67),Jornada 4,mapping_not_found_for: MOVISTAR GOLF
?,NBA League Pass,03:30-Utah Jazz-New Orleans Pelicans,no_dial_detected
?,Apple TV,03:30-Vancouver Whitecaps-Toronto FC,no_dial_detected
?,ATP Tennis TV,04:00-F. Cobolli-F. Tiafoe,no_dial_detected
?,M+ Vamos (8 y 50),04:00-F. Cobolli-F. Tiafoe,no_dial_detected
304,M+ #Vamos Bar (304),04:00-F. Cobolli-F. Tiafoe,mapping_not_found_for: #VAMOS BAR
?,Movistar+ Lite,04:00-F. Cobolli-F. Tiafoe,no_dial_detected
?,DAZN (Ver en directo),04:00-Seattle Kraken-Vancouver Canucks,no_dial_detected
?,Apple TV,04:30-LA Galaxy-Charlotte FC,no_dial_detected
?,DAZN (Ver en directo),06:00-Japón-Corea del Sur,no_dial_detected
?,MotoGP Videopass,G.P. Tailandia (Chang) Carrera,no_dial_detected
?,DAZN (Ver en directo),G.P. Tailandia (Chang) Carrera,no_dial_detected
70,DAZN MotoGP (M70 O105),G.P. Tailandia (Chang) Carrera,mapping_not_found_for: DAZN MOTOGP
?,MotoGP Videopass,G.P. Tailandia (Chang) Carrera,no_dial_detected
?,DAZN (Ver en directo),G.P. Tailandia (Chang) Carrera,no_dial_detected
70,DAZN MotoGP (M70 O105),G.P. Tailandia (Chang) Carrera,mapping_not_found_for: DAZN MOTOGP
?,DAZN (Ver en directo),08:00-Guam-Nueva Zelanda,no_dial_detected
?,DAZN (Ver en directo),09:00-China Taipéi-China,no_dial_detected
?,MotoGP Videopass,G.P. Tailandia (Chang) Carrera,no_dial_detected
?,DAZN (Ver en directo),G.P. Tailandia (Chang) Carrera,no_dial_detected
70,DAZN MotoGP (M70 O105),G.P. Tailandia (Chang) Carrera,mapping_not_found_for: DAZN MOTOGP
?,Teledeporte,Valencia (Pista Cubierta) Sesión matinal,no_dial_detected
?,RTVE Play,Valencia (Pista Cubierta) Sesión matinal,no_dial_detected
?,OneFootball,10:00-Australia-Filipinas,no_dial_detected
67,Movistar Golf (M67),Jornada 4,mapping_not_found_for: MOVISTAR GOLF
?,German Football YouTube,11:00-Schalke 04 Academy-B. Dortmund Academy,no_dial_detected
?,Villarreal TV,11:00-CD Roda Academy-Villarreal Academy,no_dial_detected
?,TV FootballClub (Acceder),11:30-Alcoyano-CD Ibiza Islas Pitiusas,no_dial_detected
?,TrivalValderas TV YouTube,11:30-Trival Valderas-At. Madrid C,no_dial_detected
?,OneFootball PPV,12:00-FC Kryvbas-Zorya,no_dial_detected
?,LaLiga+ Plus,12:00-RM Castilla-Ponferradina,no_dial_detected
?,TV FootballClub (Acceder),12:00-RM Castilla-Ponferradina,no_dial_detected
52,Primera Federación (M52 O125),12:00-RM Castilla-Ponferradina,mapping_not_found_for: PRIMERA FEDERACIÓN
?,LaLiga+ Plus,12:00-CE Europa-Juventud Torremolinos CF,no_dial_detected
?,TV FootballClub (Acceder),12:00-CE Europa-Juventud Torremolinos CF,no_dial_detected
?,LaLiga+ Plus,12:00-Arenas Club-Barakaldo,no_dial_detected
?,TV FootballClub (Acceder),12:00-Arenas Club-Barakaldo,no_dial_detected
?,LaLiga TV M3,12:00-Arenas Club-Barakaldo,no_dial_detected
?,LaLiga+ Plus,12:00-UD Ibiza-Tarazona,no_dial_detected
?,TV FootballClub (Acceder),12:00-UD Ibiza-Tarazona,no_dial_detected
?,LaLiga TV M4,12:00-UD Ibiza-Tarazona,no_dial_detected
?,Teleonuba (Huelva),12:00-Recreativo Huelva-CD Minera,no_dial_detected
?,Canalcosta TV (Huelva),12:00-Recreativo Huelva-CD Minera,no_dial_detected
?,TV FootballClub (Acceder),12:00-Recreativo Huelva-CD Minera,no_dial_detected
?,RSD Alcalá TV YouTube,12:00-RSD Alcalá-Socuéllamos,no_dial_detected
?,TV FootballClub (Acceder),12:00-Conquense-Las Palmas At.,no_dial_detected
?,CMMPlay (Castilla-LM),12:00-Conquense-Las Palmas At.,no_dial_detected
?,CD Tenerife YouTube,12:00-Rayo Vallecano B-CD Tenerife B,no_dial_detected
?,TV FootballClub (Acceder),12:00-Amorebieta-Deportivo Aragón,no_dial_detected
?,IB3 (Baleares),12:00-At. Baleares-Reus FC Reddis,no_dial_detected
?,Web Directo,12:00-UCAM Murcia-Melilla,no_dial_detected
?,TV FootballClub (Acceder),12:00-Navalcarnero-Real Madrid C,no_dial_detected
?,RealOviedo YouTube,12:00-Real Oviedo B-Salamanca UDS,no_dial_detected
?,MCF TV YouTube,12:00-At. Malagueño-Linares Deportivo,no_dial_detected
?,101 TV (Málaga),12:00-At. Malagueño-Linares Deportivo,no_dial_detected
?,TV FootballClub (Acceder),12:00-At. Malagueño-Linares Deportivo,no_dial_detected
?,TV FootballClub (Acceder),12:00-CA Antoniano-Xerez DFC,no_dial_detected
?,Lebrija TV,12:00-CA Antoniano-Xerez DFC,no_dial_detected
?,Web Directo,12:00-CA Antoniano-Xerez DFC,no_dial_detected
?,Aragón Deporte,12:00-Utebo-Ejea,no_dial_detected
?,Aragón TV,12:00-Utebo-Ejea,no_dial_detected
?,Aragón Deporte,12:00-UD Barbastro-Girona B,no_dial_detected
?,TV FootballClub (Acceder),12:00-Torrent CF-Terrassa FC,no_dial_detected
?,Real Sporting de Gijón YouTube,12:00-Sporting Gijón B-Mosconia,no_dial_detected
?,CF Pozuelo de Alarcon YouTube,12:00-Pozuelo Alarcón-Galapagar,no_dial_detected
?,Web Directo,12:00-At. Mancha Real-Arenas de Armilla,no_dial_detected
?,Sevilla FC +,12:00-Sevilla FC Academy-Coria CF Academy,no_dial_detected
?,Esport3 (Cataluña),12:15-HC Sant Just-Reus Deportiu,no_dial_detected
?,Baloncesto España YouTube,12:15-Valencia Basket-Cadi La Seu,no_dial_detected
?,FEB TV,12:15-Valencia Basket-Cadi La Seu,no_dial_detected
?,À Punt (C. Valenciana),12:15-Valencia Basket-Cadi La Seu,no_dial_detected
?,As.com,12:15-Valencia Basket-Cadi La Seu,no_dial_detected
?,GolStadium (acceder),12:15-PEC Zwolle-Ajax,no_dial_detected
?,Baloncesto España YouTube,12:30-Joventut Badalona-BAXI Ferrol,no_dial_detected
?,FEB TV,12:30-Joventut Badalona-BAXI Ferrol,no_dial_detected
?,OneFootball PPV,12:30-Potenza-Benevento,no_dial_detected
?,Web Directo,12:30-La Unión Atlético-UD Almería B,no_dial_detected
?,La Xarxa+,12:30-Martinenc-UA Horta,no_dial_detected
?,LaLiga+ Plus,12:30-EÓN Balonmano Alicante-BM Logroño La Rioja,no_dial_detected
?,DAZN (Ver en directo),12:30-US Cremonese-AC Milan,no_dial_detected
?,Real Racing Club YouTube,12:45-Racing Santander Academy-Real Oviedo Academy,no_dial_detected
?,SPORTPUBLIC TV YouTube,12:45-Racing Santander Academy-Real Oviedo Academy,no_dial_detected
?,LaLiga+ Plus,13:00-Manzanares FS-Movistar Inter,no_dial_detected
?,CMMPlay (Castilla-LM),13:00-Manzanares FS-Movistar Inter,no_dial_detected
?,OneFootball PPV,13:00-Rangers FC-Celtic FC,no_dial_detected
?,Teledeporte,13:00-CICAR Lanzarote Ciudad de Arrecife-BM Granollers,no_dial_detected
?,RTVE Play,13:00-CICAR Lanzarote Ciudad de Arrecife-BM Granollers,no_dial_detected
?,Tour du Rwanda YouTube,"Etapa 8 Kigali › Kigali (99,5 km)",no_dial_detected
?,DAZN App Gratis (Ver gratis),13:15-Ranger's FC-UE Santa Coloma,no_dial_detected
?,FIFA+,13:15-Ranger's FC-UE Santa Coloma,no_dial_detected
?,OneFootball PPV,13:30-Waldhof Mannheim-Alemannia Aachen,no_dial_detected
?,HBO MAX,UCI ProSeries Étoile-sur-Rhône › Étoile-sur-Rhône (189 km),no_dial_detected
?,HBO MAX,"Etapa 5 Nuoro › Olbia (177,3 km)",no_dial_detected
?,Antel TV Internacional,13:45-Liverpool FC-Cerro Largo,no_dial_detected
?,HBO MAX,Jornada 4 PGA Tour,no_dial_detected
440,M+ LALIGA HDR (M440 O111),14:00-Elche-Espanyol,mapping_not_found_for: M+ LALIGA HDR
?,DAZN (Ver en directo),14:00-Elche-Espanyol,no_dial_detected
?,DAZN App Gratis (Ver gratis),14:00-Elche-Espanyol,no_dial_detected
?,Teledeporte,14:00-Elche-Espanyol,no_dial_detected
?,RTVE Play,14:00-Elche-Espanyol,no_dial_detected
?,LaLiga TV Bar,14:00-Elche-Espanyol,no_dial_detected
?,Hellotickets (Comprar entrada),14:00-Elche-Espanyol,no_dial_detected
?,DAZN (Ver en directo),14:00-Real Sociedad B-Deportivo,no_dial_detected
?,CayoTV YouTube (ver),14:00-Real Sociedad B-Deportivo,no_dial_detected
?,GOL (Síguelo en directo),14:00-Real Sociedad B-Deportivo,no_dial_detected
?,GolStadium (acceder),14:00-Real Sociedad B-Deportivo,no_dial_detected
?,TVG (Galicia),14:00-Real Sociedad B-Deportivo,no_dial_detected
?,LaLiga TV M2,14:00-Real Sociedad B-Deportivo,no_dial_detected
?,DAZN (Ver en directo),14:30-Holanda-Austria,no_dial_detected
?,OneFootball PPV,14:30-FC Obolón-Brovar-FC Rukh Lviv,no_dial_detected
?,HBO MAX,"UCI ProSeries Kortrijk › Kuurne (194,9 km)",no_dial_detected
?,DAZN (Ver en directo),"UCI ProSeries Kortrijk › Kuurne (194,9 km)",no_dial_detected
?,Eurosport 2,"UCI ProSeries Kortrijk › Kuurne (194,9 km)",no_dial_detected
?,OneFootball PPV,14:30-Salernitana-Catania,no_dial_detected
?,GolStadium (acceder),14:30-Twente-Feyenoord,no_dial_detected
?,GolStadium (acceder),14:45-Jagiellonia Bialystok -Legia Warszawa,no_dial_detected
?,OneFootball PPV,15:00-Pescara-Palermo SSD,no_dial_detected
?,OneFootball PPV,15:00-Catanzaro-Frosinone,no_dial_detected
?,DAZN (Ver en directo),15:00-Fulham-Tottenham,no_dial_detected
149,DAZN 2 Bar (M149),15:00-Fulham-Tottenham,mapping_not_found_for: DAZN 2 BAR
?,DAZN (Ver en directo),15:00-Manchester Utd.-Crystal Palace,no_dial_detected
148,DAZN 1 Bar (M148),15:00-Manchester Utd.-Crystal Palace,mapping_not_found_for: DAZN 1 BAR
?,DAZN (Ver en directo),15:00-Brighton-Nottingham Forest,no_dial_detected
?,DAZN (Ver en directo),15:00-Sassuolo-Atalanta,no_dial_detected
?,DAZN App Gratis (Ver gratis),15:30-Inter Club d'Escaldes-Penya Encarnada,no_dial_detected
?,FIFA+,15:30-Inter Club d'Escaldes-Penya Encarnada,no_dial_detected
?,DAZN (Ver en directo),15:30-Stuttgart-VfL Wolfsburg,no_dial_detected
?,LaLiga+ Plus,16:00-Nástic Tarragona-Antequera,no_dial_detected
?,TV FootballClub (Acceder),16:00-Nástic Tarragona-Antequera,no_dial_detected
?,LaLiga TV M4,16:00-Nástic Tarragona-Antequera,no_dial_detected
?,LaLiga+ Plus,16:00-FC Cartagena-Sabadell,no_dial_detected
?,TV FootballClub (Acceder),16:00-FC Cartagena-Sabadell,no_dial_detected
52,Primera Federación (M52 O125),16:00-FC Cartagena-Sabadell,mapping_not_found_for: PRIMERA FEDERACIÓN
?,Teledeporte,16:00-FC Cartagena-Sabadell,no_dial_detected
?,RTVE Play,16:00-FC Cartagena-Sabadell,no_dial_detected
?,Esport3 (Cataluña),16:00-FC Cartagena-Sabadell,no_dial_detected
?,Real Racing Club YouTube,16:00-Rayo Cantabria-Lealtad,no_dial_detected
?,Getafe CF YouTube,16:00-Getafe Academy-Real Madrid Academy,no_dial_detected
?,La Xarxa+,16:10-Calafell-CE Noia,no_dial_detected
440,M+ LALIGA HDR (M440 O111),16:15-Valencia CF-Osasuna,mapping_not_found_for: M+ LALIGA HDR
?,LaLiga TV Bar,16:15-Valencia CF-Osasuna,no_dial_detected
?,Hellotickets (Comprar entrada),16:15-Valencia CF-Osasuna,no_dial_detected
?,DAZN (Ver en directo),16:15-Sporting Gijón-Leganés,no_dial_detected
?,Orange Fútbol 2 (108),16:15-Sporting Gijón-Leganés,no_dial_detected
?,LaLiga TV M2,16:15-Sporting Gijón-Leganés,no_dial_detected
?,DAZN (Ver en directo),16:15-Mirandés-AD Ceuta,no_dial_detected
?,LaLiga TV M3,16:15-Mirandés-AD Ceuta,no_dial_detected
?,OneFootball PPV,16:30-Duisburg-TSV Havelse,no_dial_detected
?,Lacronicadeportes.es,16:30-At. Monzón-CD Utrillas,no_dial_detected
?,Lacronicadeportes.es,16:30-CDJ Tamarite-CD Robres,no_dial_detected
?,RTV Marbella,16:30-FC Marbellí-Churriana de la Vega CF,no_dial_detected
?,LaLiga+ Plus,17:00-Ribera Navarra FS-Alzira FS,no_dial_detected
?,OneFootball PPV,17:00-Karpaty Lviv-FC Kolos Kovalivka,no_dial_detected
?,Fanatiz (Ver en directo),17:00-FC Midtjylland-Brondby IF,no_dial_detected
?,TV FootballClub (Acceder),17:00-Numancia-Burgos Promesas,no_dial_detected
?,Canal 9 Soria,17:00-Numancia-Burgos Promesas,no_dial_detected
?,CANAL 9 SORIA YouTube,17:00-Numancia-Burgos Promesas,no_dial_detected
?,TV FootballClub (Acceder),17:00-UD Logroñés-SD Logroñés,no_dial_detected
?,TV FootballClub (Acceder),17:00-Real Jaén-Águilas FC,no_dial_detected
?,Real Jaén C.F. YouTube,17:00-Real Jaén-Águilas FC,no_dial_detected
?,TVG Web,17:00-Bergantiños-Deportivo Fabril,no_dial_detected
?,TV FootballClub (Acceder),17:00-Puente Genil-CD Estepona,no_dial_detected
?,TV FootballClub (Acceder),17:00-CD Coria-UD Sanse,no_dial_detected
?,TV FootballClub (Acceder),17:00-CD Quintanar del Rey-Colonia Moscardó,no_dial_detected
?,CMMPlay (Castilla-LM),17:00-CD Quintanar del Rey-Colonia Moscardó,no_dial_detected
?,TVG Web,17:00-SD Sarriana-UD Ourense,no_dial_detected
?,Web Directo,17:00-Calvo Sotelo Puertollano-CD Sonseca,no_dial_detected
?,TV FootballClub (Acceder),17:00-Conil CF-Club Atlético Central,no_dial_detected
?,Elviphotoss YouTube,17:00-CD Becerril-Unionistas B,no_dial_detected
?,RCD Espanyol YouTube,17:00-Espanyol Academy-San Francisco,no_dial_detected
?,Twitter @RCDE_La21,17:00-Espanyol Academy-San Francisco,no_dial_detected
?,Facebook RCD Espanyol,17:00-Espanyol Academy-San Francisco,no_dial_detected
?,Real Sociedad TV YouTube,17:00-Real Sociedad Academy-Aurrera de Vitoria Academy,no_dial_detected
?,OneFootball PPV,17:15-Mantova 1911-Carrarese,no_dial_detected
?,DAZN (Ver en directo),17:30-Finlandia-Bélgica,no_dial_detected
?,Deportes TVCanaria YouTube,Final,no_dial_detected
?,RTVE Play,Final,no_dial_detected
?,OneFootball PPV,17:30-Arezzo-Ravenna FC,no_dial_detected
?,Web Directo,17:30-UDC Torredonjimeno-CF Motril,no_dial_detected
?,DAZN (Ver en directo),17:30-Arsenal-Chelsea,no_dial_detected
305,M+ #Vamos Bar 2 (305),17:30-Arsenal-Chelsea,mapping_not_found_for: #VAMOS BAR 2
148,DAZN 1 Bar (M148),17:30-Arsenal-Chelsea,mapping_not_found_for: DAZN 1 BAR
?,DAZN (Ver en directo),17:30-Eintracht Frankfurt-Freiburg,no_dial_detected
?,DAZN (Ver en directo),18:00-Francia-Hungría,no_dial_detected
?,DAZN (Ver en directo),18:00-Alemania-Croacia,no_dial_detected
53,M+ Vamos 3 (53),18:00-Alemania-Croacia,mapping_not_found_for: VAMOS 3
?,DAZN (Ver en directo),18:00-República Checa-Eslovenia,no_dial_detected
?,DAZN (Ver en directo),18:00-Chipre-Israel,no_dial_detected
?,DAZN (Ver en directo),18:00-Estonia-Suecia,no_dial_detected
?,Baloncesto España YouTube,18:00-Movistar Estudiantes-CB Jairis,no_dial_detected
?,FEB TV,18:00-Movistar Estudiantes-CB Jairis,no_dial_detected
?,LaLiga+ Plus,18:00-Movistar Estudiantes-CB Jairis,no_dial_detected
?,Teledeporte,18:00-Movistar Estudiantes-CB Jairis,no_dial_detected
?,RTVE Play,18:00-Movistar Estudiantes-CB Jairis,no_dial_detected
?,DAZN (Ver en directo),18:00-Rutgers-Maryland,no_dial_detected
?,DAZN App Gratis (Ver gratis),18:00-Rutgers-Maryland,no_dial_detected
?,CONCACAF YouTube,18:00-Dominica-Antigua y Barbuda,no_dial_detected
?,M+ Vamos (8 y 50),Grand Prix of St. Petersburg Carrera,no_dial_detected
304,M+ #Vamos Bar (304),Grand Prix of St. Petersburg Carrera,mapping_not_found_for: #VAMOS BAR
?,Movistar+ Lite,Grand Prix of St. Petersburg Carrera,no_dial_detected
?,TV FootballClub (Acceder),18:00-Xerez-Yeclano,no_dial_detected
?,Esport3 (Cataluña),18:00-Sant Andreu-Atlètic Lleida,no_dial_detected
?,TV FootballClub (Acceder),18:00-Rayo Majadahonda-Getafe B,no_dial_detected
?,Getafe CF YouTube,18:00-Rayo Majadahonda-Getafe B,no_dial_detected
?,La Xarxa+,18:00-Vilassar de Mar-Montañesa,no_dial_detected
?,DAZN (Ver en directo),18:00-Torino-Lazio,no_dial_detected
?,LaLiga+ Plus,18:15-Zamora-Guadalajara,no_dial_detected
?,TV FootballClub (Acceder),18:15-Zamora-Guadalajara,no_dial_detected
52,Primera Federación (M52 O125),18:15-Zamora-Guadalajara,mapping_not_found_for: PRIMERA FEDERACIÓN
?,CMMPlay (Castilla-LM),18:15-Zamora-Guadalajara,no_dial_detected
?,LaLiga+ Plus,18:15-Algeciras CF-Teruel,no_dial_detected
?,TV FootballClub (Acceder),18:15-Algeciras CF-Teruel,no_dial_detected
?,LaLiga TV M3,18:15-Algeciras CF-Teruel,no_dial_detected
?,DAZN (Ver en directo),18:30-Real Betis-Sevilla FC,no_dial_detected
?,LaLiga TV Bar,18:30-Real Betis-Sevilla FC,no_dial_detected
?,Hellotickets (Comprar entrada),18:30-Real Betis-Sevilla FC,no_dial_detected
?,DAZN (Ver en directo),18:30-Cultural Leonesa-UD Las Palmas,no_dial_detected
?,LaLiga TV M2,18:30-Cultural Leonesa-UD Las Palmas,no_dial_detected
?,DAZN (Ver en directo),18:30-Charleroi-Club Brugge,no_dial_detected
?,DAZN (Ver en directo),19:00-Mali-Angola,no_dial_detected
?,DAZN (Ver en directo),19:00-Madagascar-Costa de Marfil,no_dial_detected
?,DAZN (Ver en directo),19:00-Pittsburgh Penguins-Vegas Golden Knights,no_dial_detected
?,Fanatiz (Ver en directo),19:00-Comerciantes Unidos-Atlético Grau,no_dial_detected
?,L1 Max YouTube,19:00-Comerciantes Unidos-Atlético Grau,no_dial_detected
?,CONCACAF YouTube,19:00-aïques-Bonaire,no_dial_detected
?,Amazon Prime Video (Ver en directo),19:00-New York Knicks-San Antonio Spurs,no_dial_detected
?,NBA League Pass,19:00-New York Knicks-San Antonio Spurs,no_dial_detected
?,Real Sociedad TV YouTube,19:15-Real Sociedad C-San Ignacio,no_dial_detected
?,DAZN (Ver en directo),19:30-Purdue-Ohio State,no_dial_detected
?,DAZN App Gratis (Ver gratis),19:30-Purdue-Ohio State,no_dial_detected
?,DAZN (Ver en directo),19:30-Hamburger SV-RB Leipzig,no_dial_detected
51,M+ Vamos 2 (51),19:30-Hamburger SV-RB Leipzig,mapping_not_found_for: VAMOS 2
?,Orange Fútbol 3 (109),19:30-Hamburger SV-RB Leipzig,no_dial_detected
?,LaLiga TV M4,19:30-Hamburger SV-RB Leipzig,no_dial_detected
?,RCN Nuestra Tele,20:00-Deportivo Pasto-Cúcuta,no_dial_detected
?,DAZN App Gratis (Ver gratis),20:00-Bolívar SC-Mineros Guayana,no_dial_detected
?,FIFA+,20:00-Bolívar SC-Mineros Guayana,no_dial_detected
?,LaLiga+ Plus,20:00-BM Cangas-Barça BM,no_dial_detected
?,Esport3 (Cataluña),20:00-BM Cangas-Barça BM,no_dial_detected
?,DAZN (Ver en directo),20:30-Polonia-Letonia,no_dial_detected
?,DAZN App Gratis (Ver gratis),20:30-Ureña SC-Puerto Cabello B,no_dial_detected
?,FIFA+,20:30-Ureña SC-Puerto Cabello B,no_dial_detected
?,DAZN App Gratis (Ver gratis),20:30-Deportivo Miranda-Aragua,no_dial_detected
?,FIFA+,20:30-Deportivo Miranda-Aragua,no_dial_detected
?,DAZN App Gratis (Ver gratis),20:30-Atlético El Vigía-Deportivo Lara,no_dial_detected
?,FIFA+,20:30-Atlético El Vigía-Deportivo Lara,no_dial_detected
?,DAZN App Gratis (Ver gratis),20:30-Atlético Barinas-Real Frontera,no_dial_detected
?,FIFA+,20:30-Atlético Barinas-Real Frontera,no_dial_detected
?,LaLiga+ Plus,20:30-Villarreal B-Real Murcia,no_dial_detected
?,TV FootballClub (Acceder),20:30-Villarreal B-Real Murcia,no_dial_detected
52,Primera Federación (M52 O125),20:30-Villarreal B-Real Murcia,mapping_not_found_for: PRIMERA FEDERACIÓN
?,WTA TV,Final WTA 250,no_dial_detected
?,Apple TV,20:30-Austin FC-DC United,no_dial_detected
?,DAZN (Ver en directo),20:45-AS Roma-Juventus,no_dial_detected
?,LaLiga TV M3,20:45-AS Roma-Juventus,no_dial_detected
?,LPF Play,21:00-All Boys-Ciudad de Bolivar,no_dial_detected
?,LPF Play,21:00-Godoy Cruz-Deportivo Madryn,no_dial_detected
?,LPF Play,21:00-Gimnasia Jujuy-Quilmes,no_dial_detected
?,LPF Play,21:00-Deportivo Morón-CA Central Norte,no_dial_detected
?,LPF Play,21:00-San Telmo-Acassuso,no_dial_detected
?,LPF Play,21:00-Atlético Güemes-Chacarita Juniors,no_dial_detected
?,LPF Play,21:00-Midland-Colegiales,no_dial_detected
?,CONCACAF YouTube,21:00-Saint-Martin-Guayana Francesa,no_dial_detected
?,CONCACAF YouTube,21:00-Santa Lucía-República Dominicana,no_dial_detected
440,M+ LALIGA HDR (M440 O111),21:00-Girona-Celta,mapping_not_found_for: M+ LALIGA HDR
?,LaLiga TV Bar,21:00-Girona-Celta,no_dial_detected
?,Hellotickets (Comprar entrada),21:00-Girona-Celta,no_dial_detected
?,DAZN (Ver en directo),21:00-Eibar-Cádiz CF,no_dial_detected
?,LaLiga TV M2,21:00-Eibar-Cádiz CF,no_dial_detected
?,CONCACAF YouTube,21:00-Cuba-Curazao,no_dial_detected
?,DAZN App Gratis (Ver gratis),21:00-Dynamo Puerto-Monagas SC B,no_dial_detected
?,FIFA+,21:00-Dynamo Puerto-Monagas SC B,no_dial_detected
?,Fanatiz (Ver en directo),21:00-Newell's Old Boys-Rosario Central,no_dial_detected
?,M+ Vamos (8 y 50),21:00-Newell's Old Boys-Rosario Central,no_dial_detected
304,M+ #Vamos Bar (304),21:00-Newell's Old Boys-Rosario Central,mapping_not_found_for: #VAMOS BAR
?,Movistar+ Lite,21:00-Newell's Old Boys-Rosario Central,no_dial_detected
?,LPF Play,21:30-San Martín Tucumán-Deportivo Maipú,no_dial_detected
?,Fanatiz (Ver en directo),21:30-ACD Juan Pablo II College-Cusco FC,no_dial_detected
?,DAZN (Ver en directo),Circuit of The Americas (Austin) Carrera,no_dial_detected
?,NBA League Pass,21:30-Chicago Bulls-Milwaukee Bucks,no_dial_detected
?,NBA League Pass,21:30-Brooklyn Nets-Cleveland Cavaliers,no_dial_detected
?,Amazon Prime Video (Ver en directo),21:30-Denver Nuggets-Minnesota Timberwolves,no_dial_detected
?,NBA League Pass,21:30-Denver Nuggets-Minnesota Timberwolves,no_dial_detected
?,DAZN (Ver en directo),21:45-Michigan State-Indiana Hoosiers,no_dial_detected
?,DAZN App Gratis (Ver gratis),21:45-Michigan State-Indiana Hoosiers,no_dial_detected
?,DAZN (Ver en directo),22:00-Uganda-Egipto,no_dial_detected
?,DAZN (Ver en directo),22:00-Senegal-R.D. Congo,no_dial_detected
?,DAZN (Ver en directo),22:00-San Jose Sharks-Winnipeg Jets,no_dial_detected
?,DAZN (Ver en directo),22:00-Utah Mammoth-Chicago Blackhawks,no_dial_detected
?,LPF Play,22:00-Racing Córdoba-CA Mitre,no_dial_detected
?,RCN Nuestra Tele,22:00-Águilas Doradas Rionegro-Inter Bogotá,no_dial_detected
?,CONCACAF YouTube,22:00-Puerto Rico-Islas Caimán,no_dial_detected
?,DAZN App Gratis (Ver gratis),22:00-ART Jalapa-Diriangén FC,no_dial_detected
?,FIFA+,22:00-ART Jalapa-Diriangén FC,no_dial_detected
?,DAZN App Gratis (Ver gratis),22:00-Rancho Santana FC-Indígenas de Matagalpa,no_dial_detected
?,FIFA+,22:00-Rancho Santana FC-Indígenas de Matagalpa,no_dial_detected
?,Apple TV,22:30-Philadelphia Union-New York City,no_dial_detected
?,DAZN (Ver en directo),23:00-Puerto Rico-Bahamas,no_dial_detected
?,DAZN (Ver en directo),23:00-Minnesota Wild-St. Louis Blues,no_dial_detected
?,NBA League Pass,23:00-Indiana Pacers-Memphis Grizzlies,no_dial_detected
?,Fanatiz (Ver en directo),23:15-Argentinos Juniors-Barracas Central,no_dial_detected
?,Fanatiz (Ver en directo),23:15-Instituto-Unión Santa Fe,no_dial_detected
?,Antel TV Internacional,23:30-Nacional-Peñarol,no_dial_detected
?,ATP Tennis TV,Final ATP 250,no_dial_detected
?,DAZN (Ver en directo),00:00-Jamaica-Canadá,no_dial_detected
?,DAZN (Ver en directo),00:00-UCLA-USC,no_dial_detected
?,DAZN App Gratis (Ver gratis),00:00-UCLA-USC,no_dial_detected
?,Fanatiz (Ver en directo),00:00-Universitario-FC Cajamarca,no_dial_detected
?,CONCACAF YouTube,00:00-Surinam-Granada,no_dial_detected
?,DAZN App Gratis (Ver gratis),00:00-Real Madriz FC-Walter Ferretti,no_dial_detected
?,FIFA+,00:00-Real Madriz FC-Walter Ferretti,no_dial_detected
?,WTA TV,Final WTA 500,no_dial_detected
?,Tennis Channel - Orange TV (131),Final WTA 500,no_dial_detected
?,NBA League Pass,00:00-Orlando Magic-Detroit Pistons,no_dial_detected
?,NBA League Pass,00:00-Boston Celtics-Philadelphia 76ers,no_dial_detected
?,DAZN (Ver en directo),00:00-Boston Celtics-Philadelphia 76ers,no_dial_detected
?,NBA League Pass,00:00-Atlanta Hawks-Portland Trail Blazers,no_dial_detected
?,RCN Nuestra Tele,00:10-Deportivo Cali-Fortaleza,no_dial_detected
?,DAZN (Ver en directo),00:30-New York Islanders-Florida Panthers,no_dial_detected
?,LPF Play,00:30-At. Rafaela-Temperley,no_dial_detected
?,LPF Play,00:30-Estudiantes BA-Almirante Brown,no_dial_detected
?,LPF Play,00:30-Tristán Suárez-San Martín SJ,no_dial_detected
?,CONCACAF YouTube,00:30-El Salvador-Barbados,no_dial_detected
?,DAZN App Gratis (Ver gratis),01:00-Nueva Caledonia-Vanuatu,no_dial_detected
?,FIFA+,01:00-Nueva Caledonia-Vanuatu,no_dial_detected
?,CONCACAF YouTube,01:00-Jamaica-San Cristóbal y Nieves,no_dial_detected
?,Apple TV,01:00-Orlando City-Inter Miami CF,no_dial_detected
?,DAZN (Ver en directo),01:10-Estados Unidos-México,no_dial_detected
?,Fanatiz (Ver en directo),01:30-Tigre-Gimnasia LP,no_dial_detected
?,Fanatiz (Ver en directo),01:30-Defensa y Justicia-Lanús,no_dial_detected
?,DAZN (Ver en directo),02:00-Anaheim Ducks-Calgary Flames,no_dial_detected
?,DAZN (Ver en directo),02:00-Dallas Mavericks-Oklahoma C. Thunder,no_dial_detected
?,NBA League Pass,02:00-Dallas Mavericks-Oklahoma C. Thunder,no_dial_detected
?,DAZN (Ver en directo),02:30-Nicaragua-República Dominicana,no_dial_detected
?,RCN Nuestra Tele,02:30-Deportes Tolima-Atlético Nacional,no_dial_detected
?,DAZN App Gratis (Ver gratis),03:00-Samoa Americana-Samoa,no_dial_detected
?,FIFA+,03:00-Samoa Americana-Samoa,no_dial_detected
?,CONCACAF YouTube,03:00-El Salvador-Belice,no_dial_detected
?,DAZN App Gratis (Ver gratis),03:00-UNAN Managua-Real Estelí,no_dial_detected
?,FIFA+,03:00-UNAN Managua-Real Estelí,no_dial_detected
?,NBA League Pass,03:00-Los Angeles Clippers-New Orleans Pelicans,no_dial_detected
?,Apple TV,03:15-San Diego FC-St. Louis City SC,no_dial_detected
?,NBA League Pass,03:30-Los Angeles Lakers-Sacramento Kings,no_dial_detected
?,DAZN App Gratis (Ver gratis),05:00-Papúa Nueva Guinea-Fiyi,no_dial_detected
?,FIFA+,05:00-Papúa Nueva Guinea-Fiyi,no_dial_detected
?,DAZN App Gratis (Ver gratis),07:00-Nueva Zelanda-Islas Salomón,no_dial_detected
?,FIFA+,07:00-Nueva Zelanda-Islas Salomón,no_dial_detected
?,OneFootball,10:00-Corea del Sur-Irán,no_dial_detected
?,OneFootball PPV,12:00-SK Poltava-FC Kudrivka,no_dial_detected
?,DAZN (Ver en directo),14:00-Irak-Jordania,no_dial_detected
?,HBO MAX,"Carrera Femenina Quaregnon › Dour (133,4 km)",no_dial_detected
?,DAZN (Ver en directo),"Carrera Femenina Quaregnon › Dour (133,4 km)",no_dial_detected
?,Eurosport 1,"Carrera Femenina Quaregnon › Dour (133,4 km)",no_dial_detected
?,FIBA YouTube,17:00-Azerbaiyán-Macedonia Norte,no_dial_detected
?,DAZN (Ver en directo),17:00-Irán-Siria,no_dial_detected
?,FIBA YouTube,17:15-Armenia-Bulgaria,no_dial_detected
?,DAZN (Ver en directo),17:30-Lituania-Islandia,no_dial_detected
?,FIBA YouTube,18:00-Albania-Eslovaquia,no_dial_detected
?,DAZN (Ver en directo),18:00-Rumanía-Portugal,no_dial_detected
?,DAZN (Ver en directo),18:00-Georgia-Dinamarca,no_dial_detected
?,CONCACAF YouTube,18:00-Sint Maarten-Trinidad y Tobago,no_dial_detected
?,German Football YouTube,18:00-Noruega-Alemania,no_dial_detected
?,DAZN App Gratis (Ver gratis),18:00-Noruega-Alemania,no_dial_detected
?,FIFA+,18:00-Noruega-Alemania,no_dial_detected
?,DAZN (Ver en directo),18:30-Pisa Sporting Club-Bologna,no_dial_detected
?,LaLiga TV M3,18:30-Pisa Sporting Club-Bologna,no_dial_detected
?,DAZN (Ver en directo),19:00-Montenegro-Grecia,no_dial_detected
?,DAZN (Ver en directo),19:00-Suiza-Bosnia,no_dial_detected
?,DAZN (Ver en directo),19:00-Turquía-Serbia,no_dial_detected
?,DAZN (Ver en directo),19:30-Italia-Gran Bretaña,no_dial_detected
?,DAZN (Ver en directo),20:00-Catar-Arabia Saudí,no_dial_detected
?,DAZN (Ver en directo),20:00-Líbano-India,no_dial_detected
?,DAZN (Ver en directo),20:00-Nashville Predators-Detroit Red Wings,no_dial_detected
?,Chelsea App,20:00-Man Utd Academy-Chelsea Academy,no_dial_detected
?,CONCACAF YouTube,20:00-Santa Lucía-México,no_dial_detected
?,FIBA YouTube,20:30-República Irlanda-Luxemburgo,no_dial_detected
?,DAZN (Ver en directo),20:30-España-Ucrania,no_dial_detected
?,M+ Vamos (8 y 50),20:30-España-Ucrania,no_dial_detected
304,M+ #Vamos Bar (304),20:30-España-Ucrania,mapping_not_found_for: #VAMOS BAR
?,Movistar+ Lite,20:30-España-Ucrania,no_dial_detected
?,Teledeporte,20:30-España-Ucrania,no_dial_detected
?,RTVE Play,20:30-España-Ucrania,no_dial_detected
?,DAZN (Ver en directo),20:30-Córdoba-FC Andorra,no_dial_detected
?,LaLiga TV M2,20:30-Córdoba-FC Andorra,no_dial_detected
?,DAZN (Ver en directo),20:45-Udinese-Fiorentina,no_dial_detected
?,LaLiga TV M3,20:45-Udinese-Fiorentina,no_dial_detected
?,CONCACAF YouTube,21:00-Bermudas-Costa Rica,no_dial_detected
?,DAZN (Ver en directo),21:00-Real Madrid-Getafe,no_dial_detected
?,LaLiga TV Bar,21:00-Real Madrid-Getafe,no_dial_detected
?,Hellotickets (Comprar entrada),21:00-Real Madrid-Getafe,no_dial_detected
?,CONCACAF YouTube,22:00-Anguila-Curazao,no_dial_detected
?,DAZN (Ver en directo),22:30-Argentina-Panamá,no_dial_detected
?,DAZN (Ver en directo),23:00-Brasil-Colombia,no_dial_detected
?,CONCACAF YouTube,23:00-Islas Vírgenes EEUU-Nicaragua,no_dial_detected
?,Fanatiz (Ver en directo),23:15-Estudiantes LP-Vélez Sarsfield,no_dial_detected
?,Fanatiz (Ver en directo),23:15-Deportivo Riestra-Platense,no_dial_detected
